feature,mean_abs_shap,importance_pct
description_length_words,0.16816,32.58
description_lexical_diversity,0.14013,27.15
company_data_completeness_score,0.06798,13.17
listing_age_bucket,0.03563,6.9
desc_per_day,0.02274,4.41
salary_disclosed_num,0.01825,3.54
velocity_x_no_salary,0.01296,2.51
days_live,0.01265,2.45
salary_range_ratio,0.0116,2.25
posting_velocity_per_week,0.00938,1.82
portal_ghost_baseline,0.00733,1.42
employer_repost_count,0.00683,1.32
city_tier,0.00091,0.18
salary_vs_market_gap,0.00064,0.12
urgency_language_score,0.00052,0.1
remote_ambiguity_flag,0.00043,0.08
contact_bypass_flag,4e-05,0.01
experience_range,0.0,0.0
cross_platform_duplicate_flag,0.0,0.0
