timeline_days,survival_probability,cohort
0.0,1.0,Genuine Postings
3.1,0.4646,Genuine Postings
6.1,0.3752,Genuine Postings
9.2,0.3372,Genuine Postings
12.2,0.107,Genuine Postings
15.3,0.0701,Genuine Postings
18.4,0.0491,Genuine Postings
21.4,0.0275,Genuine Postings
24.5,0.0222,Genuine Postings
27.6,0.0146,Genuine Postings
30.6,0.0105,Genuine Postings
33.7,0.0099,Genuine Postings
36.7,0.0082,Genuine Postings
39.8,0.0064,Genuine Postings
42.9,0.0047,Genuine Postings
45.9,0.0041,Genuine Postings
49.0,0.0035,Genuine Postings
52.0,0.0029,Genuine Postings
55.1,0.0018,Genuine Postings
58.2,0.0,Genuine Postings
61.2,0.0,Genuine Postings
64.3,0.0,Genuine Postings
67.3,0.0,Genuine Postings
70.4,0.0,Genuine Postings
73.5,0.0,Genuine Postings
76.5,0.0,Genuine Postings
79.6,0.0,Genuine Postings
82.7,0.0,Genuine Postings
85.7,0.0,Genuine Postings
88.8,0.0,Genuine Postings
91.8,0.0,Genuine Postings
94.9,0.0,Genuine Postings
98.0,0.0,Genuine Postings
101.0,0.0,Genuine Postings
104.1,0.0,Genuine Postings
107.1,0.0,Genuine Postings
110.2,0.0,Genuine Postings
113.3,0.0,Genuine Postings
116.3,0.0,Genuine Postings
119.4,0.0,Genuine Postings
122.4,0.0,Genuine Postings
125.5,0.0,Genuine Postings
128.6,0.0,Genuine Postings
131.6,0.0,Genuine Postings
134.7,0.0,Genuine Postings
137.8,0.0,Genuine Postings
140.8,0.0,Genuine Postings
143.9,0.0,Genuine Postings
146.9,0.0,Genuine Postings
150.0,0.0,Genuine Postings
0.0,1.0,Suspect Postings
3.1,0.8287,Suspect Postings
6.1,0.7949,Suspect Postings
9.2,0.7837,Suspect Postings
12.2,0.743,Suspect Postings
15.3,0.7135,Suspect Postings
18.4,0.691,Suspect Postings
21.4,0.6278,Suspect Postings
24.5,0.618,Suspect Postings
27.6,0.5688,Suspect Postings
30.6,0.5379,Suspect Postings
33.7,0.4888,Suspect Postings
36.7,0.4649,Suspect Postings
39.8,0.4466,Suspect Postings
42.9,0.4228,Suspect Postings
45.9,0.4087,Suspect Postings
49.0,0.3876,Suspect Postings
52.0,0.3708,Suspect Postings
55.1,0.3511,Suspect Postings
58.2,0.3413,Suspect Postings
61.2,0.3216,Suspect Postings
64.3,0.3034,Suspect Postings
67.3,0.2949,Suspect Postings
70.4,0.2781,Suspect Postings
73.5,0.2697,Suspect Postings
76.5,0.2542,Suspect Postings
79.6,0.25,Suspect Postings
82.7,0.2388,Suspect Postings
85.7,0.2205,Suspect Postings
88.8,0.2135,Suspect Postings
91.8,0.2037,Suspect Postings
94.9,0.2022,Suspect Postings
98.0,0.191,Suspect Postings
101.0,0.1784,Suspect Postings
104.1,0.1685,Suspect Postings
107.1,0.1643,Suspect Postings
110.2,0.1601,Suspect Postings
113.3,0.1573,Suspect Postings
116.3,0.1559,Suspect Postings
119.4,0.1475,Suspect Postings
122.4,0.139,Suspect Postings
125.5,0.1236,Suspect Postings
128.6,0.111,Suspect Postings
131.6,0.0787,Suspect Postings
134.7,0.0604,Suspect Postings
137.8,0.0548,Suspect Postings
140.8,0.0506,Suspect Postings
143.9,0.0492,Suspect Postings
146.9,0.0478,Suspect Postings
150.0,0.0449,Suspect Postings
0.0,1.0,Ghost Postings
3.1,0.8458,Ghost Postings
6.1,0.8061,Ghost Postings
9.2,0.785,Ghost Postings
12.2,0.75,Ghost Postings
15.3,0.7266,Ghost Postings
18.4,0.7126,Ghost Postings
21.4,0.6869,Ghost Postings
24.5,0.6752,Ghost Postings
27.6,0.6589,Ghost Postings
30.6,0.6519,Ghost Postings
33.7,0.6449,Ghost Postings
36.7,0.6332,Ghost Postings
39.8,0.6238,Ghost Postings
42.9,0.6192,Ghost Postings
45.9,0.6168,Ghost Postings
49.0,0.6145,Ghost Postings
52.0,0.6075,Ghost Postings
55.1,0.6028,Ghost Postings
58.2,0.6028,Ghost Postings
61.2,0.6005,Ghost Postings
64.3,0.6005,Ghost Postings
67.3,0.5981,Ghost Postings
70.4,0.5958,Ghost Postings
73.5,0.5958,Ghost Postings
76.5,0.5935,Ghost Postings
79.6,0.5935,Ghost Postings
82.7,0.5911,Ghost Postings
85.7,0.5888,Ghost Postings
88.8,0.5841,Ghost Postings
91.8,0.5818,Ghost Postings
94.9,0.5818,Ghost Postings
98.0,0.5724,Ghost Postings
101.0,0.5724,Ghost Postings
104.1,0.5724,Ghost Postings
107.1,0.5701,Ghost Postings
110.2,0.5701,Ghost Postings
113.3,0.5631,Ghost Postings
116.3,0.5607,Ghost Postings
119.4,0.5584,Ghost Postings
122.4,0.5327,Ghost Postings
125.5,0.4977,Ghost Postings
128.6,0.4743,Ghost Postings
131.6,0.2944,Ghost Postings
134.7,0.2547,Ghost Postings
137.8,0.1636,Ghost Postings
140.8,0.1612,Ghost Postings
143.9,0.1589,Ghost Postings
146.9,0.1589,Ghost Postings
150.0,0.1589,Ghost Postings
