rule_expression,support,confidence,lift,leverage,conviction
WOODEN STAR CHRISTMAS SCANDINAVIAN  ===>  WOODEN HEART CHRISTMAS SCANDINAVIAN,0.018,0.737,27.865,0.018,3.698
WOODEN HEART CHRISTMAS SCANDINAVIAN  ===>  WOODEN STAR CHRISTMAS SCANDINAVIAN,0.018,0.689,27.865,0.018,3.136
"REGENCY CAKESTAND 3 TIER, GREEN REGENCY TEACUP AND SAUCER  ===>  PINK REGENCY TEACUP AND SAUCER",0.015,0.725,22.822,0.015,3.516
"PINK REGENCY TEACUP AND SAUCER  ===>  REGENCY CAKESTAND 3 TIER, GREEN REGENCY TEACUP AND SAUCER",0.015,0.487,22.822,0.015,1.909
"ROSES REGENCY TEACUP AND SAUCER , GREEN REGENCY TEACUP AND SAUCER  ===>  PINK REGENCY TEACUP AND SAUCER",0.022,0.721,22.705,0.021,3.469
"PINK REGENCY TEACUP AND SAUCER  ===>  ROSES REGENCY TEACUP AND SAUCER , GREEN REGENCY TEACUP AND SAUCER",0.022,0.701,22.705,0.021,3.246
"GREEN REGENCY TEACUP AND SAUCER  ===>  PINK REGENCY TEACUP AND SAUCER, ROSES REGENCY TEACUP AND SAUCER ",0.022,0.564,22.669,0.021,2.239
"PINK REGENCY TEACUP AND SAUCER, ROSES REGENCY TEACUP AND SAUCER   ===>  GREEN REGENCY TEACUP AND SAUCER",0.022,0.894,22.669,0.021,9.104
"GREEN REGENCY TEACUP AND SAUCER  ===>  REGENCY CAKESTAND 3 TIER, PINK REGENCY TEACUP AND SAUCER",0.015,0.392,22.226,0.015,1.616
"REGENCY CAKESTAND 3 TIER, PINK REGENCY TEACUP AND SAUCER  ===>  GREEN REGENCY TEACUP AND SAUCER",0.015,0.877,22.226,0.015,7.811
GREEN REGENCY TEACUP AND SAUCER  ===>  PINK REGENCY TEACUP AND SAUCER,0.026,0.666,20.967,0.025,2.896
PINK REGENCY TEACUP AND SAUCER  ===>  GREEN REGENCY TEACUP AND SAUCER,0.026,0.827,20.967,0.025,5.563
"PINK REGENCY TEACUP AND SAUCER  ===>  REGENCY CAKESTAND 3 TIER, ROSES REGENCY TEACUP AND SAUCER ",0.015,0.477,19.873,0.014,1.865
"REGENCY CAKESTAND 3 TIER, ROSES REGENCY TEACUP AND SAUCER   ===>  PINK REGENCY TEACUP AND SAUCER",0.015,0.631,19.873,0.014,2.624
"REGENCY CAKESTAND 3 TIER, PINK REGENCY TEACUP AND SAUCER  ===>  ROSES REGENCY TEACUP AND SAUCER ",0.015,0.858,19.181,0.014,6.709
"ROSES REGENCY TEACUP AND SAUCER   ===>  REGENCY CAKESTAND 3 TIER, PINK REGENCY TEACUP AND SAUCER",0.015,0.338,19.181,0.014,1.485
"PINK REGENCY TEACUP AND SAUCER, GREEN REGENCY TEACUP AND SAUCER  ===>  ROSES REGENCY TEACUP AND SAUCER ",0.022,0.848,18.962,0.021,6.278
"ROSES REGENCY TEACUP AND SAUCER   ===>  PINK REGENCY TEACUP AND SAUCER, GREEN REGENCY TEACUP AND SAUCER",0.022,0.498,18.962,0.021,1.94
"GREEN REGENCY TEACUP AND SAUCER  ===>  REGENCY CAKESTAND 3 TIER, ROSES REGENCY TEACUP AND SAUCER ",0.018,0.452,18.826,0.017,1.779
"REGENCY CAKESTAND 3 TIER, ROSES REGENCY TEACUP AND SAUCER   ===>  GREEN REGENCY TEACUP AND SAUCER",0.018,0.743,18.826,0.017,3.735
"REGENCY CAKESTAND 3 TIER, GREEN REGENCY TEACUP AND SAUCER  ===>  ROSES REGENCY TEACUP AND SAUCER ",0.018,0.834,18.658,0.017,5.763
"ROSES REGENCY TEACUP AND SAUCER   ===>  REGENCY CAKESTAND 3 TIER, GREEN REGENCY TEACUP AND SAUCER",0.018,0.398,18.658,0.017,1.627
HAND WARMER SCOTTY DOG DESIGN  ===>  HAND WARMER OWL DESIGN,0.016,0.597,18.265,0.015,2.398
HAND WARMER OWL DESIGN  ===>  HAND WARMER SCOTTY DOG DESIGN,0.016,0.491,18.265,0.015,1.913
PINK REGENCY TEACUP AND SAUCER  ===>  ROSES REGENCY TEACUP AND SAUCER ,0.025,0.784,17.538,0.023,4.426
ROSES REGENCY TEACUP AND SAUCER   ===>  PINK REGENCY TEACUP AND SAUCER,0.025,0.557,17.538,0.023,2.185
ROSES REGENCY TEACUP AND SAUCER   ===>  GREEN REGENCY TEACUP AND SAUCER,0.031,0.691,17.51,0.029,3.108
GREEN REGENCY TEACUP AND SAUCER  ===>  ROSES REGENCY TEACUP AND SAUCER ,0.031,0.783,17.51,0.029,4.401
HAND WARMER OWL DESIGN  ===>  HAND WARMER BIRD DESIGN,0.015,0.467,17.245,0.014,1.825
HAND WARMER BIRD DESIGN  ===>  HAND WARMER OWL DESIGN,0.015,0.563,17.245,0.014,2.215
DOLLY GIRL LUNCH BOX  ===>  SPACEBOY LUNCH BOX ,0.024,0.688,17.122,0.023,3.079
SPACEBOY LUNCH BOX   ===>  DOLLY GIRL LUNCH BOX,0.024,0.602,17.122,0.023,2.426
GARDENERS KNEELING PAD KEEP CALM   ===>  GARDENERS KNEELING PAD CUP OF TEA ,0.026,0.612,16.89,0.025,2.487
GARDENERS KNEELING PAD CUP OF TEA   ===>  GARDENERS KNEELING PAD KEEP CALM ,0.026,0.729,16.89,0.025,3.532
IVORY KITCHEN SCALES  ===>  RED KITCHEN SCALES,0.015,0.427,16.708,0.014,1.702
RED KITCHEN SCALES  ===>  IVORY KITCHEN SCALES,0.015,0.592,16.708,0.014,2.361
LARGE WHITE HEART OF WICKER  ===>  SMALL WHITE HEART OF WICKER,0.016,0.55,16.546,0.015,2.148
SMALL WHITE HEART OF WICKER  ===>  LARGE WHITE HEART OF WICKER,0.016,0.483,16.546,0.015,1.877
BLUE HARMONICA IN BOX   ===>  RED  HARMONICA IN BOX ,0.016,0.526,16.423,0.015,2.043
RED  HARMONICA IN BOX   ===>  BLUE HARMONICA IN BOX ,0.016,0.485,16.423,0.015,1.884
JUMBO BAG APPLES  ===>  JUMBO BAG PEARS,0.018,0.435,16.191,0.017,1.721
JUMBO BAG PEARS  ===>  JUMBO BAG APPLES,0.018,0.664,16.191,0.017,2.853
RED RETROSPOT CHARLOTTE BAG  ===>  CHARLOTTE BAG PINK POLKADOT,0.018,0.436,15.668,0.017,1.723
CHARLOTTE BAG PINK POLKADOT  ===>  RED RETROSPOT CHARLOTTE BAG,0.018,0.661,15.668,0.017,2.827
"ALARM CLOCK BAKELIKE RED   ===>  ALARM CLOCK BAKELIKE PINK, ALARM CLOCK BAKELIKE GREEN",0.015,0.304,15.544,0.014,1.41
"ALARM CLOCK BAKELIKE PINK, ALARM CLOCK BAKELIKE GREEN  ===>  ALARM CLOCK BAKELIKE RED ",0.015,0.778,15.544,0.014,4.287
PLASTERS IN TIN SPACEBOY  ===>  PLASTERS IN TIN WOODLAND ANIMALS,0.017,0.504,15.045,0.016,1.95
PLASTERS IN TIN WOODLAND ANIMALS  ===>  PLASTERS IN TIN SPACEBOY,0.017,0.497,15.045,0.016,1.924
BAKING SET SPACEBOY DESIGN  ===>  BAKING SET 9 PIECE RETROSPOT ,0.018,0.733,15.041,0.017,3.569
BAKING SET 9 PIECE RETROSPOT   ===>  BAKING SET SPACEBOY DESIGN,0.018,0.364,15.041,0.017,1.535
"ALARM CLOCK BAKELIKE PINK, ALARM CLOCK BAKELIKE RED   ===>  ALARM CLOCK BAKELIKE GREEN",0.015,0.674,14.965,0.014,2.931
"ALARM CLOCK BAKELIKE GREEN  ===>  ALARM CLOCK BAKELIKE PINK, ALARM CLOCK BAKELIKE RED ",0.015,0.338,14.965,0.014,1.477
"ALARM CLOCK BAKELIKE PINK  ===>  ALARM CLOCK BAKELIKE GREEN, ALARM CLOCK BAKELIKE RED ",0.015,0.436,14.392,0.014,1.718
"ALARM CLOCK BAKELIKE GREEN, ALARM CLOCK BAKELIKE RED   ===>  ALARM CLOCK BAKELIKE PINK",0.015,0.504,14.392,0.014,1.945
CHOCOLATE HOT WATER BOTTLE  ===>  HOT WATER BOTTLE I AM SO POORLY,0.016,0.411,14.267,0.015,1.65
HOT WATER BOTTLE I AM SO POORLY  ===>  CHOCOLATE HOT WATER BOTTLE,0.016,0.57,14.267,0.015,2.234
RED RETROSPOT CHARLOTTE BAG  ===>  STRAWBERRY CHARLOTTE BAG,0.017,0.401,14.257,0.016,1.621
STRAWBERRY CHARLOTTE BAG  ===>  RED RETROSPOT CHARLOTTE BAG,0.017,0.602,14.257,0.016,2.404
ALARM CLOCK BAKELIKE RED   ===>  ALARM CLOCK BAKELIKE GREEN,0.03,0.604,13.413,0.028,2.414
ALARM CLOCK BAKELIKE GREEN  ===>  ALARM CLOCK BAKELIKE RED ,0.03,0.672,13.413,0.028,2.894
ALARM CLOCK BAKELIKE IVORY  ===>  ALARM CLOCK BAKELIKE RED ,0.018,0.671,13.397,0.017,2.887
ALARM CLOCK BAKELIKE RED   ===>  ALARM CLOCK BAKELIKE IVORY,0.018,0.358,13.397,0.017,1.516
ALARM CLOCK BAKELIKE GREEN  ===>  ALARM CLOCK BAKELIKE IVORY,0.016,0.349,13.042,0.014,1.494
ALARM CLOCK BAKELIKE IVORY  ===>  ALARM CLOCK BAKELIKE GREEN,0.016,0.588,13.042,0.014,2.316
ALARM CLOCK BAKELIKE PINK  ===>  ALARM CLOCK BAKELIKE RED ,0.023,0.646,12.899,0.021,2.683
ALARM CLOCK BAKELIKE RED   ===>  ALARM CLOCK BAKELIKE PINK,0.023,0.452,12.899,0.021,1.759
RED RETROSPOT CHARLOTTE BAG  ===>  WOODLAND CHARLOTTE BAG,0.017,0.391,12.897,0.015,1.592
WOODLAND CHARLOTTE BAG  ===>  RED RETROSPOT CHARLOTTE BAG,0.017,0.544,12.897,0.015,2.102
HOME BUILDING BLOCK WORD  ===>  LOVE BUILDING BLOCK WORD,0.016,0.398,12.557,0.014,1.608
LOVE BUILDING BLOCK WORD  ===>  HOME BUILDING BLOCK WORD,0.016,0.495,12.557,0.014,1.904
ALARM CLOCK BAKELIKE PINK  ===>  ALARM CLOCK BAKELIKE GREEN,0.02,0.56,12.419,0.018,2.168
ALARM CLOCK BAKELIKE GREEN  ===>  ALARM CLOCK BAKELIKE PINK,0.02,0.435,12.419,0.018,1.707
GIN + TONIC DIET METAL SIGN  ===>  COOK WITH WINE METAL SIGN ,0.016,0.42,12.213,0.014,1.664
COOK WITH WINE METAL SIGN   ===>  GIN + TONIC DIET METAL SIGN,0.016,0.457,12.213,0.014,1.772
CHARLOTTE BAG SUKI DESIGN  ===>  RED RETROSPOT CHARLOTTE BAG,0.017,0.509,12.071,0.016,1.952
RED RETROSPOT CHARLOTTE BAG  ===>  CHARLOTTE BAG SUKI DESIGN,0.017,0.403,12.071,0.016,1.62
PAPER CHAIN KIT VINTAGE CHRISTMAS  ===>  PAPER CHAIN KIT 50'S CHRISTMAS ,0.026,0.647,11.563,0.024,2.675
PAPER CHAIN KIT 50'S CHRISTMAS   ===>  PAPER CHAIN KIT VINTAGE CHRISTMAS,0.026,0.46,11.563,0.024,1.779
WOODEN FRAME ANTIQUE WHITE   ===>  WOODEN PICTURE FRAME WHITE FINISH,0.027,0.577,11.536,0.024,2.246
WOODEN PICTURE FRAME WHITE FINISH  ===>  WOODEN FRAME ANTIQUE WHITE ,0.027,0.534,11.536,0.024,2.048
"LUNCH BAG PINK POLKADOT  ===>  LUNCH BAG RED RETROSPOT, LUNCH BAG CARS BLUE",0.016,0.3,11.458,0.015,1.391
"LUNCH BAG RED RETROSPOT, LUNCH BAG CARS BLUE  ===>  LUNCH BAG PINK POLKADOT",0.016,0.609,11.458,0.015,2.423
"LUNCH BAG PINK POLKADOT  ===>  LUNCH BAG RED RETROSPOT, LUNCH BAG  BLACK SKULL.",0.018,0.331,11.206,0.016,1.45
"LUNCH BAG RED RETROSPOT, LUNCH BAG  BLACK SKULL.  ===>  LUNCH BAG PINK POLKADOT",0.018,0.596,11.206,0.016,2.342
60 TEATIME FAIRY CAKE CASES  ===>  PACK OF 60 PINK PAISLEY CAKE CASES,0.016,0.426,11.156,0.015,1.676
PACK OF 60 PINK PAISLEY CAKE CASES  ===>  60 TEATIME FAIRY CAKE CASES,0.016,0.419,11.156,0.015,1.655
PLEASE ONE PERSON METAL SIGN  ===>  COOK WITH WINE METAL SIGN ,0.015,0.382,11.108,0.014,1.562
COOK WITH WINE METAL SIGN   ===>  PLEASE ONE PERSON METAL SIGN,0.015,0.44,11.108,0.014,1.716
LUNCH BAG SPACEBOY DESIGN   ===>  LUNCH BAG DOLLY GIRL DESIGN,0.02,0.36,10.552,0.018,1.51
LUNCH BAG DOLLY GIRL DESIGN  ===>  LUNCH BAG SPACEBOY DESIGN ,0.02,0.595,10.552,0.018,2.332
LUNCH BAG APPLE DESIGN  ===>  LUNCH BAG VINTAGE LEAF DESIGN,0.017,0.351,10.297,0.016,1.488
LUNCH BAG VINTAGE LEAF DESIGN  ===>  LUNCH BAG APPLE DESIGN,0.017,0.509,10.297,0.016,1.937
"LUNCH BAG RED RETROSPOT, LUNCH BAG PINK POLKADOT  ===>  LUNCH BAG  BLACK SKULL.",0.018,0.589,9.803,0.016,2.286
"LUNCH BAG  BLACK SKULL.  ===>  LUNCH BAG RED RETROSPOT, LUNCH BAG PINK POLKADOT",0.018,0.293,9.803,0.016,1.372
"LUNCH BAG RED RETROSPOT, LUNCH BAG PINK POLKADOT  ===>  LUNCH BAG CARS BLUE",0.016,0.533,9.671,0.014,2.025
"LUNCH BAG CARS BLUE  ===>  LUNCH BAG RED RETROSPOT, LUNCH BAG PINK POLKADOT",0.016,0.289,9.671,0.014,1.364
LUNCH BAG ALPHABET DESIGN  ===>  LUNCH BAG APPLE DESIGN,0.018,0.476,9.626,0.016,1.814
LUNCH BAG APPLE DESIGN  ===>  LUNCH BAG ALPHABET DESIGN,0.018,0.356,9.626,0.016,1.495
HEART OF WICKER LARGE  ===>  HEART OF WICKER SMALL,0.023,0.508,9.259,0.021,1.921
HEART OF WICKER SMALL  ===>  HEART OF WICKER LARGE,0.023,0.424,9.259,0.021,1.655
"LUNCH BAG PINK POLKADOT, LUNCH BAG  BLACK SKULL.  ===>  LUNCH BAG RED RETROSPOT",0.018,0.664,9.025,0.016,2.756
"LUNCH BAG RED RETROSPOT  ===>  LUNCH BAG PINK POLKADOT, LUNCH BAG  BLACK SKULL.",0.018,0.239,9.025,0.016,1.279
JUMBO BAG PINK POLKADOT  ===>  JUMBO BAG STRAWBERRY,0.017,0.336,9.008,0.015,1.451
JUMBO BAG STRAWBERRY  ===>  JUMBO BAG PINK POLKADOT,0.017,0.448,9.008,0.015,1.722
JUMBO BAG ALPHABET  ===>  JUMBO BAG APPLES,0.016,0.368,8.984,0.014,1.518
JUMBO BAG APPLES  ===>  JUMBO BAG ALPHABET,0.016,0.386,8.984,0.014,1.558
JUMBO BAG APPLES  ===>  JUMBO BAG VINTAGE LEAF,0.016,0.396,8.972,0.014,1.581
JUMBO BAG VINTAGE LEAF  ===>  JUMBO BAG APPLES,0.016,0.368,8.972,0.014,1.517
"LUNCH BAG RED RETROSPOT  ===>  LUNCH BAG PINK POLKADOT, LUNCH BAG CARS BLUE",0.016,0.217,8.884,0.014,1.245
"LUNCH BAG PINK POLKADOT, LUNCH BAG CARS BLUE  ===>  LUNCH BAG RED RETROSPOT",0.016,0.653,8.884,0.014,2.673
LUNCH BAG SPACEBOY DESIGN   ===>  LUNCH BAG WOODLAND,0.023,0.41,8.754,0.02,1.615
LUNCH BAG WOODLAND  ===>  LUNCH BAG SPACEBOY DESIGN ,0.023,0.494,8.754,0.02,1.864
PACK OF 60 DINOSAUR CAKE CASES  ===>  PACK OF 72 RETROSPOT CAKE CASES,0.015,0.505,8.59,0.013,1.9
PACK OF 72 RETROSPOT CAKE CASES  ===>  PACK OF 60 DINOSAUR CAKE CASES,0.015,0.259,8.59,0.013,1.31
60 TEATIME FAIRY CAKE CASES  ===>  PACK OF 72 RETROSPOT CAKE CASES,0.019,0.502,8.548,0.017,1.891
PACK OF 72 RETROSPOT CAKE CASES  ===>  60 TEATIME FAIRY CAKE CASES,0.019,0.321,8.548,0.017,1.417
PACK OF 60 PINK PAISLEY CAKE CASES  ===>  PACK OF 72 RETROSPOT CAKE CASES,0.019,0.501,8.522,0.017,1.885
PACK OF 72 RETROSPOT CAKE CASES  ===>  PACK OF 60 PINK PAISLEY CAKE CASES,0.019,0.326,8.522,0.017,1.426
LUNCH BAG APPLE DESIGN  ===>  JUMBO BAG APPLES,0.017,0.342,8.337,0.015,1.457
JUMBO BAG APPLES  ===>  LUNCH BAG APPLE DESIGN,0.017,0.412,8.337,0.015,1.617
LUNCH BAG CARS BLUE  ===>  LUNCH BAG PINK POLKADOT,0.024,0.442,8.315,0.021,1.697
LUNCH BAG PINK POLKADOT  ===>  LUNCH BAG CARS BLUE,0.024,0.459,8.315,0.021,1.745
LUNCH BAG PINK POLKADOT  ===>  LUNCH BAG  BLACK SKULL.,0.026,0.498,8.296,0.023,1.874
LUNCH BAG  BLACK SKULL.  ===>  LUNCH BAG PINK POLKADOT,0.026,0.441,8.296,0.023,1.694
LUNCH BAG APPLE DESIGN  ===>  LUNCH BAG SUKI DESIGN ,0.021,0.416,8.098,0.018,1.624
LUNCH BAG SUKI DESIGN   ===>  LUNCH BAG APPLE DESIGN,0.021,0.4,8.098,0.018,1.585
LUNCH BAG CARS BLUE  ===>  LUNCH BAG WOODLAND,0.021,0.375,8.003,0.018,1.524
LUNCH BAG WOODLAND  ===>  LUNCH BAG CARS BLUE,0.021,0.441,8.003,0.018,1.692
LUNCH BAG SUKI DESIGN   ===>  LUNCH BAG CARS BLUE,0.022,0.434,7.864,0.019,1.669
LUNCH BAG CARS BLUE  ===>  LUNCH BAG SUKI DESIGN ,0.022,0.404,7.864,0.019,1.591
LUNCH BAG PINK POLKADOT  ===>  LUNCH BAG RED RETROSPOT,0.03,0.562,7.638,0.026,2.114
LUNCH BAG RED RETROSPOT  ===>  LUNCH BAG PINK POLKADOT,0.03,0.406,7.638,0.026,1.594
LUNCH BAG  BLACK SKULL.  ===>  LUNCH BAG SUKI DESIGN ,0.023,0.389,7.573,0.02,1.552
LUNCH BAG SUKI DESIGN   ===>  LUNCH BAG  BLACK SKULL.,0.023,0.455,7.573,0.02,1.724
LUNCH BAG SUKI DESIGN   ===>  LUNCH BAG PINK POLKADOT,0.02,0.398,7.49,0.018,1.573
LUNCH BAG PINK POLKADOT  ===>  LUNCH BAG SUKI DESIGN ,0.02,0.385,7.49,0.018,1.541
LUNCH BAG SUKI DESIGN   ===>  LUNCH BAG SPACEBOY DESIGN ,0.022,0.42,7.453,0.019,1.628
LUNCH BAG SPACEBOY DESIGN   ===>  LUNCH BAG SUKI DESIGN ,0.022,0.383,7.453,0.019,1.537
LUNCH BAG DOLLY GIRL DESIGN  ===>  LUNCH BAG  BLACK SKULL.,0.015,0.441,7.349,0.013,1.683
LUNCH BAG  BLACK SKULL.  ===>  LUNCH BAG DOLLY GIRL DESIGN,0.015,0.251,7.349,0.013,1.289
LUNCH BAG WOODLAND  ===>  LUNCH BAG APPLE DESIGN,0.017,0.363,7.349,0.015,1.493
LUNCH BAG APPLE DESIGN  ===>  LUNCH BAG WOODLAND,0.017,0.344,7.349,0.015,1.453
JUMBO BAG PINK POLKADOT  ===>  JUMBO STORAGE BAG SUKI,0.016,0.323,7.299,0.014,1.411
JUMBO STORAGE BAG SUKI  ===>  JUMBO BAG PINK POLKADOT,0.016,0.363,7.299,0.014,1.492
LUNCH BAG WOODLAND  ===>  LUNCH BAG PINK POLKADOT,0.018,0.388,7.295,0.016,1.547
LUNCH BAG PINK POLKADOT  ===>  LUNCH BAG WOODLAND,0.018,0.342,7.295,0.016,1.448
LUNCH BAG WOODLAND  ===>  LUNCH BAG SUKI DESIGN ,0.018,0.374,7.293,0.015,1.516
LUNCH BAG SUKI DESIGN   ===>  LUNCH BAG WOODLAND,0.018,0.341,7.293,0.015,1.447
LUNCH BAG  BLACK SKULL.  ===>  LUNCH BAG CARS BLUE,0.024,0.4,7.255,0.021,1.575
LUNCH BAG CARS BLUE  ===>  LUNCH BAG  BLACK SKULL.,0.024,0.436,7.255,0.021,1.666
LUNCH BAG RED RETROSPOT  ===>  LUNCH BAG WOODLAND,0.025,0.336,7.179,0.021,1.436
LUNCH BAG WOODLAND  ===>  LUNCH BAG RED RETROSPOT,0.025,0.528,7.179,0.021,1.963
LUNCH BAG CARS BLUE  ===>  LUNCH BAG SPACEBOY DESIGN ,0.022,0.405,7.174,0.019,1.585
LUNCH BAG SPACEBOY DESIGN   ===>  LUNCH BAG CARS BLUE,0.022,0.396,7.174,0.019,1.564
JAM MAKING SET WITH JARS  ===>  JAM MAKING SET PRINTED,0.018,0.351,7.077,0.015,1.464
JAM MAKING SET PRINTED  ===>  JAM MAKING SET WITH JARS,0.018,0.355,7.077,0.015,1.472
LUNCH BAG WOODLAND  ===>  LUNCH BAG  BLACK SKULL.,0.02,0.423,7.044,0.017,1.629
LUNCH BAG  BLACK SKULL.  ===>  LUNCH BAG WOODLAND,0.02,0.33,7.044,0.017,1.422
LUNCH BAG  BLACK SKULL.  ===>  LUNCH BAG SPACEBOY DESIGN ,0.024,0.397,7.043,0.02,1.566
LUNCH BAG SPACEBOY DESIGN   ===>  LUNCH BAG  BLACK SKULL.,0.024,0.423,7.043,0.02,1.629
LUNCH BAG RED RETROSPOT  ===>  LUNCH BAG DOLLY GIRL DESIGN,0.018,0.24,7.025,0.015,1.271
LUNCH BAG DOLLY GIRL DESIGN  ===>  LUNCH BAG RED RETROSPOT,0.018,0.517,7.025,0.015,1.917
LUNCH BAG PINK POLKADOT  ===>  LUNCH BAG SPACEBOY DESIGN ,0.021,0.394,6.987,0.018,1.558
LUNCH BAG SPACEBOY DESIGN   ===>  LUNCH BAG PINK POLKADOT,0.021,0.371,6.987,0.018,1.506
SET OF 6 SPICE TINS PANTRY DESIGN  ===>  SET OF 3 CAKE TINS PANTRY DESIGN ,0.017,0.456,6.974,0.015,1.719
SET OF 3 CAKE TINS PANTRY DESIGN   ===>  SET OF 6 SPICE TINS PANTRY DESIGN,0.017,0.26,6.974,0.015,1.301
JUMBO BAG STRAWBERRY  ===>  JUMBO BAG RED RETROSPOT,0.024,0.633,6.928,0.02,2.476
JUMBO BAG RED RETROSPOT  ===>  JUMBO BAG STRAWBERRY,0.024,0.259,6.928,0.02,1.299
JUMBO BAG RED RETROSPOT  ===>  JUMBO BAG PINK POLKADOT,0.031,0.341,6.861,0.027,1.443
JUMBO BAG PINK POLKADOT  ===>  JUMBO BAG RED RETROSPOT,0.031,0.627,6.861,0.027,2.435
LUNCH BAG SUKI DESIGN   ===>  LUNCH BAG RED RETROSPOT,0.026,0.501,6.806,0.022,1.855
LUNCH BAG RED RETROSPOT  ===>  LUNCH BAG SUKI DESIGN ,0.026,0.349,6.806,0.022,1.458
LUNCH BAG RED RETROSPOT  ===>  LUNCH BAG  BLACK SKULL.,0.03,0.401,6.682,0.025,1.57
LUNCH BAG  BLACK SKULL.  ===>  LUNCH BAG RED RETROSPOT,0.03,0.491,6.682,0.025,1.822
JUMBO BAG RED RETROSPOT  ===>  JUMBO BAG SCANDINAVIAN BLUE PAISLEY,0.015,0.168,6.504,0.013,1.17
JUMBO BAG SCANDINAVIAN BLUE PAISLEY  ===>  JUMBO BAG RED RETROSPOT,0.015,0.594,6.504,0.013,2.239
LUNCH BAG CARS BLUE  ===>  LUNCH BAG RED RETROSPOT,0.026,0.474,6.446,0.022,1.762
LUNCH BAG RED RETROSPOT  ===>  LUNCH BAG CARS BLUE,0.026,0.356,6.446,0.022,1.466
LUNCH BAG RED RETROSPOT  ===>  LUNCH BAG SPACEBOY DESIGN ,0.027,0.363,6.427,0.023,1.48
LUNCH BAG SPACEBOY DESIGN   ===>  LUNCH BAG RED RETROSPOT,0.027,0.473,6.427,0.023,1.757
LUNCH BAG SPACEBOY DESIGN   ===>  LUNCH BAG APPLE DESIGN,0.018,0.314,6.345,0.015,1.385
LUNCH BAG APPLE DESIGN  ===>  LUNCH BAG SPACEBOY DESIGN ,0.018,0.358,6.345,0.015,1.47
LUNCH BAG APPLE DESIGN  ===>  LUNCH BAG PINK POLKADOT,0.017,0.335,6.299,0.014,1.424
LUNCH BAG PINK POLKADOT  ===>  LUNCH BAG APPLE DESIGN,0.017,0.311,6.299,0.014,1.381
"REGENCY CAKESTAND 3 TIER  ===>  PINK REGENCY TEACUP AND SAUCER, ROSES REGENCY TEACUP AND SAUCER ",0.015,0.156,6.25,0.013,1.155
"PINK REGENCY TEACUP AND SAUCER, ROSES REGENCY TEACUP AND SAUCER   ===>  REGENCY CAKESTAND 3 TIER",0.015,0.608,6.25,0.013,2.302
LUNCH BAG APPLE DESIGN  ===>  LUNCH BAG  BLACK SKULL.,0.018,0.37,6.151,0.015,1.491
LUNCH BAG  BLACK SKULL.  ===>  LUNCH BAG APPLE DESIGN,0.018,0.304,6.151,0.015,1.366
JUMBO BAG RED RETROSPOT  ===>  JUMBO STORAGE BAG SUKI,0.025,0.271,6.137,0.021,1.312
JUMBO STORAGE BAG SUKI  ===>  JUMBO BAG RED RETROSPOT,0.025,0.561,6.137,0.021,2.068
JUMBO BAG RED RETROSPOT  ===>  JUMBO BAG SPACEBOY DESIGN,0.015,0.167,6.126,0.013,1.168
JUMBO BAG SPACEBOY DESIGN  ===>  JUMBO BAG RED RETROSPOT,0.015,0.56,6.126,0.013,2.064
LUNCH BAG RED RETROSPOT  ===>  LUNCH BAG APPLE DESIGN,0.022,0.302,6.107,0.019,1.362
LUNCH BAG APPLE DESIGN  ===>  LUNCH BAG RED RETROSPOT,0.022,0.449,6.107,0.019,1.682
JUMBO  BAG BAROQUE BLACK WHITE  ===>  JUMBO BAG RED RETROSPOT,0.021,0.558,6.105,0.017,2.055
JUMBO BAG RED RETROSPOT  ===>  JUMBO  BAG BAROQUE BLACK WHITE,0.021,0.226,6.105,0.017,1.245
LUNCH BAG APPLE DESIGN  ===>  LUNCH BAG CARS BLUE,0.017,0.335,6.071,0.014,1.421
LUNCH BAG CARS BLUE  ===>  LUNCH BAG APPLE DESIGN,0.017,0.3,6.071,0.014,1.358
"REGENCY CAKESTAND 3 TIER  ===>  PINK REGENCY TEACUP AND SAUCER, GREEN REGENCY TEACUP AND SAUCER",0.015,0.159,6.058,0.013,1.158
"PINK REGENCY TEACUP AND SAUCER, GREEN REGENCY TEACUP AND SAUCER  ===>  REGENCY CAKESTAND 3 TIER",0.015,0.589,6.058,0.013,2.197
JUMBO BAG PINK VINTAGE PAISLEY  ===>  JUMBO BAG RED RETROSPOT,0.019,0.55,6.018,0.016,2.018
JUMBO BAG RED RETROSPOT  ===>  JUMBO BAG PINK VINTAGE PAISLEY,0.019,0.207,6.018,0.016,1.217
LUNCH BAG RED RETROSPOT  ===>  LUNCH BAG VINTAGE LEAF DESIGN,0.015,0.204,5.99,0.013,1.214
LUNCH BAG VINTAGE LEAF DESIGN  ===>  LUNCH BAG RED RETROSPOT,0.015,0.441,5.99,0.013,1.656
RED HANGING HEART T-LIGHT HOLDER  ===>  WHITE HANGING HEART T-LIGHT HOLDER,0.026,0.67,5.954,0.022,2.69
WHITE HANGING HEART T-LIGHT HOLDER  ===>  RED HANGING HEART T-LIGHT HOLDER,0.026,0.231,5.954,0.022,1.25
"ROSES REGENCY TEACUP AND SAUCER , GREEN REGENCY TEACUP AND SAUCER  ===>  REGENCY CAKESTAND 3 TIER",0.018,0.577,5.93,0.015,2.133
"REGENCY CAKESTAND 3 TIER  ===>  ROSES REGENCY TEACUP AND SAUCER , GREEN REGENCY TEACUP AND SAUCER",0.018,0.183,5.93,0.015,1.186
PINK REGENCY TEACUP AND SAUCER  ===>  REGENCY CAKESTAND 3 TIER,0.018,0.556,5.715,0.015,2.032
REGENCY CAKESTAND 3 TIER  ===>  PINK REGENCY TEACUP AND SAUCER,0.018,0.181,5.715,0.015,1.183
REGENCY CAKESTAND 3 TIER  ===>  GREEN REGENCY TEACUP AND SAUCER,0.021,0.22,5.566,0.018,1.231
GREEN REGENCY TEACUP AND SAUCER  ===>  REGENCY CAKESTAND 3 TIER,0.021,0.541,5.566,0.018,1.968
REGENCY CAKESTAND 3 TIER  ===>  ROSES REGENCY TEACUP AND SAUCER ,0.024,0.247,5.516,0.02,1.268
ROSES REGENCY TEACUP AND SAUCER   ===>  REGENCY CAKESTAND 3 TIER,0.024,0.536,5.516,0.02,1.947
JUMBO BAG RED RETROSPOT  ===>  JUMBO SHOPPER VINTAGE RED PAISLEY,0.023,0.248,5.486,0.018,1.269
JUMBO SHOPPER VINTAGE RED PAISLEY  ===>  JUMBO BAG RED RETROSPOT,0.023,0.501,5.486,0.018,1.822
JUMBO BAG RED RETROSPOT  ===>  JUMBO BAG APPLES,0.02,0.219,5.351,0.016,1.229
JUMBO BAG APPLES  ===>  JUMBO BAG RED RETROSPOT,0.02,0.489,5.351,0.016,1.778
JUMBO BAG VINTAGE DOILY   ===>  JUMBO BAG RED RETROSPOT,0.017,0.469,5.129,0.013,1.71
JUMBO BAG RED RETROSPOT  ===>  JUMBO BAG VINTAGE DOILY ,0.017,0.182,5.129,0.013,1.179
PARTY BUNTING  ===>  SPOTTY BUNTING,0.022,0.282,4.925,0.018,1.313
SPOTTY BUNTING  ===>  PARTY BUNTING,0.022,0.388,4.925,0.018,1.505
JUMBO BAG RED RETROSPOT  ===>  JUMBO BAG VINTAGE LEAF,0.02,0.216,4.891,0.016,1.219
JUMBO BAG VINTAGE LEAF  ===>  JUMBO BAG RED RETROSPOT,0.02,0.447,4.891,0.016,1.643
SET OF 3 CAKE TINS PANTRY DESIGN   ===>  RECIPE BOX PANTRY YELLOW DESIGN,0.015,0.231,4.891,0.012,1.239
RECIPE BOX PANTRY YELLOW DESIGN  ===>  SET OF 3 CAKE TINS PANTRY DESIGN ,0.015,0.32,4.891,0.012,1.374
JUMBO BAG RED RETROSPOT  ===>  JUMBO BAG ALPHABET,0.017,0.185,4.308,0.013,1.174
JUMBO BAG ALPHABET  ===>  JUMBO BAG RED RETROSPOT,0.017,0.394,4.308,0.013,1.498
RED RETROSPOT CHARLOTTE BAG  ===>  JUMBO BAG RED RETROSPOT,0.016,0.373,4.088,0.012,1.45
JUMBO BAG RED RETROSPOT  ===>  RED RETROSPOT CHARLOTTE BAG,0.016,0.172,4.088,0.012,1.157
JUMBO BAG RED RETROSPOT  ===>  LUNCH BAG RED RETROSPOT,0.024,0.266,3.612,0.018,1.262
LUNCH BAG RED RETROSPOT  ===>  JUMBO BAG RED RETROSPOT,0.024,0.33,3.612,0.018,1.356
LUNCH BAG PINK POLKADOT  ===>  JUMBO BAG RED RETROSPOT,0.016,0.298,3.256,0.011,1.293
JUMBO BAG RED RETROSPOT  ===>  LUNCH BAG PINK POLKADOT,0.016,0.173,3.256,0.011,1.145
HEART OF WICKER LARGE  ===>  WHITE HANGING HEART T-LIGHT HOLDER,0.017,0.362,3.217,0.011,1.391
WHITE HANGING HEART T-LIGHT HOLDER  ===>  HEART OF WICKER LARGE,0.017,0.147,3.217,0.011,1.119
WHITE HANGING HEART T-LIGHT HOLDER  ===>  WOODEN PICTURE FRAME WHITE FINISH,0.018,0.156,3.124,0.012,1.126
WOODEN PICTURE FRAME WHITE FINISH  ===>  WHITE HANGING HEART T-LIGHT HOLDER,0.018,0.352,3.124,0.012,1.369
JUMBO BAG RED RETROSPOT  ===>  LUNCH BAG  BLACK SKULL.,0.016,0.17,2.83,0.01,1.132
LUNCH BAG  BLACK SKULL.  ===>  JUMBO BAG RED RETROSPOT,0.016,0.259,2.83,0.01,1.225
HEART OF WICKER SMALL  ===>  WHITE HANGING HEART T-LIGHT HOLDER,0.015,0.279,2.478,0.009,1.231
WHITE HANGING HEART T-LIGHT HOLDER  ===>  HEART OF WICKER SMALL,0.015,0.136,2.478,0.009,1.094
WHITE HANGING HEART T-LIGHT HOLDER  ===>  NATURAL SLATE HEART CHALKBOARD ,0.015,0.134,2.435,0.009,1.092
NATURAL SLATE HEART CHALKBOARD   ===>  WHITE HANGING HEART T-LIGHT HOLDER,0.015,0.274,2.435,0.009,1.222
PARTY BUNTING  ===>  WHITE HANGING HEART T-LIGHT HOLDER,0.016,0.202,1.798,0.007,1.113
WHITE HANGING HEART T-LIGHT HOLDER  ===>  PARTY BUNTING,0.016,0.142,1.798,0.007,1.073
ASSORTED COLOUR BIRD ORNAMENT  ===>  WHITE HANGING HEART T-LIGHT HOLDER,0.015,0.197,1.751,0.007,1.105
WHITE HANGING HEART T-LIGHT HOLDER  ===>  ASSORTED COLOUR BIRD ORNAMENT,0.015,0.137,1.751,0.007,1.068
