campaign_cost_gbp,response_rate_pct,budget_gbp,max_contacts,profitable_contacts_count,simulated_net_return_gbp
2.5,5%,1500.0,600,60,131.46
2.5,10%,1500.0,600,600,846.44
2.5,15%,1500.0,600,600,2019.67
2.5,20%,1500.0,600,600,3192.89
2.5,25%,1500.0,600,600,4366.11
5.0,5%,1500.0,300,13,69.05
5.0,10%,1500.0,300,60,262.92
5.0,15%,1500.0,300,274,720.03
5.0,20%,1500.0,300,300,1457.4
5.0,25%,1500.0,300,300,2196.75
7.5,5%,1500.0,200,7,43.38
7.5,10%,1500.0,200,22,176.71
7.5,15%,1500.0,200,60,394.38
7.5,20%,1500.0,200,161,782.11
7.5,25%,1500.0,200,200,1344.56
10.0,5%,1500.0,150,5,29.21
10.0,10%,1500.0,150,13,138.09
10.0,15%,1500.0,150,28,296.56
10.0,20%,1500.0,150,60,525.84
10.0,25%,1500.0,150,133,886.01
