CustomerID,prob_churn,pred_clv,expected_gross_recovery,expected_net_value
12409,0.498,5370.14,80.25,75.25
13027,0.208,7925.51,49.54,44.54
12451,0.246,6340.72,46.83,41.83
12435,0.621,1641.7,30.59,25.59
16182,0.351,2891.27,30.42,25.42
13340,0.144,6228.24,26.89,21.89
12818,0.628,1225.43,23.1,18.1
13093,0.176,3955.94,20.83,15.83
16532,0.378,1815.37,20.58,15.58
12754,0.417,1632.49,20.43,15.43
12875,0.376,1652.15,18.63,13.63
12405,0.483,1205.77,17.46,12.46
13174,0.3,1844.73,16.58,11.58
12539,0.302,1622.36,14.69,9.69
15808,0.27,1605.06,12.98,7.98
17406,0.414,987.24,12.26,7.26
12378,0.221,1829.38,12.11,7.11
18133,0.618,641.11,11.88,6.88
16902,0.48,819.69,11.81,6.81
16270,0.613,635.41,11.69,6.69
12757,0.187,2082.75,11.66,6.66
14145,0.441,856.82,11.34,6.34
13644,0.464,805.36,11.2,6.2
13225,0.243,1508.47,11.02,6.02
12770,0.595,607.6,10.85,5.85
15332,0.534,654.37,10.49,5.49
13328,0.651,533.12,10.41,5.41
14301,0.532,627.87,10.03,5.03
17554,0.41,795.18,9.79,4.79
13572,0.558,582.15,9.74,4.74
13151,0.544,586.07,9.56,4.56
12444,0.319,987.82,9.45,4.45
17723,0.291,1073.32,9.37,4.37
12989,0.173,1806.14,9.37,4.37
12678,0.079,3853.15,9.1,4.1
12656,0.306,975.95,8.96,3.96
14307,0.144,2055.82,8.89,3.89
16126,0.266,1061.92,8.46,3.46
14154,0.503,556.82,8.41,3.41
15514,0.248,1128.61,8.38,3.38
16494,0.588,474.57,8.37,3.37
16938,0.144,1935.08,8.36,3.36
12429,0.275,1013.27,8.35,3.35
14603,0.649,422.66,8.23,3.23
14700,0.425,643.64,8.21,3.21
15980,0.608,449.46,8.19,3.19
16276,0.582,460.42,8.04,3.04
15676,0.556,479.01,7.99,2.99
16709,0.353,751.15,7.95,2.95
13437,0.268,984.37,7.9,2.9
12643,0.221,1183.98,7.83,2.83
14921,0.517,503.29,7.8,2.8
15415,0.6,429.97,7.74,2.74
12916,0.243,1053.79,7.68,2.68
14442,0.39,655.06,7.66,2.66
12766,0.104,2446.8,7.63,2.63
17499,0.597,425.65,7.62,2.62
12449,0.357,709.69,7.6,2.6
15832,0.548,460.96,7.58,2.58
17937,0.211,1198.57,7.57,2.57
17537,0.57,438.56,7.49,2.49
12514,0.563,441.66,7.46,2.46
16980,0.45,550.22,7.43,2.43
14222,0.522,472.95,7.41,2.41
12360,0.34,725.15,7.4,2.4
18008,0.257,957.44,7.38,2.38
13523,0.264,925.5,7.34,2.34
12876,0.548,441.41,7.25,2.25
16873,0.163,1479.36,7.24,2.24
16684,0.018,13264.93,7.22,2.22
13517,0.291,823.66,7.19,2.19
17061,0.116,2048.71,7.16,2.16
13334,0.208,1145.35,7.13,2.13
12909,0.396,600.12,7.13,2.13
16131,0.272,871.5,7.12,2.12
12610,0.375,627.67,7.05,2.05
12352,0.432,544.73,7.05,2.05
13583,0.487,481.91,7.05,2.05
17685,0.341,686.17,7.02,2.02
17856,0.501,464.75,6.98,1.98
17019,0.296,777.47,6.89,1.89
12562,0.336,681.27,6.86,1.86
13678,0.551,413.84,6.84,1.84
16985,0.163,1383.4,6.77,1.77
14163,0.378,596.43,6.77,1.77
14952,0.166,1355.66,6.76,1.76
16209,0.288,781.76,6.76,1.76
15802,0.886,254.08,6.76,1.76
12438,0.485,463.56,6.75,1.75
13308,0.566,396.24,6.73,1.73
13505,0.276,812.61,6.73,1.73
18189,0.582,384.1,6.7,1.7
12597,0.371,598.1,6.65,1.65
18176,0.654,338.69,6.64,1.64
12462,0.605,365.12,6.63,1.63
13476,0.386,571.05,6.61,1.61
16244,0.312,705.59,6.59,1.59
12473,0.353,618.54,6.56,1.56
15891,0.52,419.83,6.55,1.55
18287,0.562,388.1,6.54,1.54
13108,0.692,314.61,6.54,1.54
17716,0.17,1276.32,6.52,1.52
13357,0.495,437.55,6.5,1.5
17752,0.697,310.04,6.48,1.48
16022,0.527,409.28,6.48,1.48
17082,0.644,333.05,6.43,1.43
13692,0.503,423.66,6.39,1.39
16618,0.336,634.28,6.39,1.39
17880,0.664,320.63,6.38,1.38
14733,0.049,4297.08,6.38,1.38
17391,0.537,395.91,6.37,1.37
14912,0.613,345.96,6.36,1.36
16142,0.576,367.75,6.35,1.35
16320,0.42,504.36,6.35,1.35
17204,0.331,636.91,6.33,1.33
15673,0.251,836.74,6.3,1.3
15265,0.345,606.25,6.28,1.28
15789,0.661,313.55,6.22,1.22
14142,0.674,307.15,6.21,1.21
14036,0.597,347.02,6.21,1.21
14364,0.15,1372.8,6.19,1.19
12709,0.077,2657.73,6.18,1.18
12461,0.519,395.32,6.16,1.16
12613,0.324,631.09,6.14,1.14
13800,0.619,328.71,6.11,1.11
12598,0.299,678.8,6.09,1.09
14920,0.473,427.6,6.07,1.07
15785,0.295,684.3,6.06,1.06
12619,0.266,757.95,6.05,1.05
13461,0.486,414.37,6.05,1.05
15549,0.275,733.47,6.05,1.05
13249,0.64,314.33,6.03,1.03
15146,0.304,658.17,6.0,1.0
13486,0.409,486.26,5.96,0.96
12716,0.486,407.72,5.95,0.95
13495,0.411,481.85,5.95,0.95
14729,0.597,331.62,5.94,0.94
14150,0.682,290.22,5.93,0.93
14270,0.64,308.73,5.93,0.93
16200,0.482,408.53,5.91,0.91
12418,0.493,397.82,5.88,0.88
15874,0.209,938.68,5.88,0.88
16682,0.491,398.67,5.87,0.87
13658,0.557,349.31,5.83,0.83
18204,0.267,728.65,5.83,0.83
15472,0.417,464.88,5.82,0.82
12782,0.21,921.99,5.81,0.81
16274,0.607,317.76,5.79,0.79
13139,0.3,641.85,5.78,0.78
13014,0.209,920.9,5.78,0.78
14944,0.19,1012.76,5.78,0.78
17159,0.537,356.43,5.75,0.75
13893,0.634,301.09,5.73,0.73
13475,0.297,642.59,5.72,0.72
13192,0.554,344.39,5.72,0.72
16714,0.334,570.3,5.72,0.72
16609,0.184,1031.57,5.7,0.7
14530,0.19,997.69,5.69,0.69
13492,0.363,521.13,5.67,0.67
13439,0.548,344.02,5.65,0.65
15108,0.304,616.79,5.63,0.63
15187,0.33,567.84,5.62,0.62
17002,0.48,390.21,5.62,0.62
16801,0.27,692.06,5.61,0.61
15730,0.562,332.98,5.61,0.61
18172,0.081,2318.89,5.61,0.61
17855,0.681,273.92,5.6,0.6
17431,0.607,306.74,5.59,0.59
12872,0.517,359.71,5.58,0.58
17686,0.098,1893.63,5.57,0.57
13141,0.293,633.48,5.57,0.57
17932,0.41,451.68,5.56,0.56
12725,0.671,275.88,5.56,0.56
14653,0.644,287.45,5.55,0.55
15700,0.397,464.75,5.53,0.53
17964,0.654,281.2,5.52,0.52
15298,0.152,1212.21,5.52,0.52
14050,0.482,381.56,5.52,0.52
13895,0.445,413.08,5.51,0.51
17777,0.43,426.41,5.51,0.51
17049,0.16,1150.59,5.51,0.51
15128,0.303,604.62,5.49,0.49
17760,0.695,263.43,5.49,0.49
17508,0.619,295.55,5.49,0.49
14227,0.169,1082.74,5.48,0.48
13239,0.609,299.41,5.47,0.47
13448,0.281,647.5,5.47,0.47
15822,0.677,268.56,5.45,0.45
14937,0.541,335.81,5.45,0.45
14046,0.635,285.81,5.44,0.44
14850,0.639,283.65,5.44,0.44
15436,0.411,441.62,5.44,0.44
12412,0.442,408.81,5.42,0.42
17715,0.605,298.72,5.42,0.42
12407,0.274,659.86,5.42,0.42
13740,0.593,304.11,5.41,0.41
13473,0.667,269.76,5.4,0.4
14586,0.622,288.11,5.37,0.37
15620,0.379,471.61,5.36,0.36
16706,0.428,416.89,5.35,0.35
13121,0.564,316.58,5.35,0.35
17070,0.442,403.53,5.35,0.35
14672,0.413,430.62,5.34,0.34
15122,0.246,721.41,5.33,0.33
13285,0.224,793.42,5.32,0.32
15649,0.628,281.98,5.32,0.32
15353,0.416,425.44,5.31,0.31
15386,0.545,325.19,5.31,0.31
16474,0.426,415.13,5.31,0.31
15433,0.464,381.45,5.31,0.31
12726,0.256,690.88,5.31,0.31
15071,0.634,279.15,5.31,0.31
13008,0.657,268.92,5.3,0.3
15232,0.443,398.92,5.3,0.3
12386,0.614,286.85,5.29,0.29
13615,0.641,274.7,5.29,0.29
15974,0.171,1030.69,5.28,0.28
14875,0.322,546.73,5.28,0.28
15279,0.67,262.91,5.28,0.28
14132,0.265,663.55,5.28,0.28
13708,0.567,309.64,5.27,0.27
17864,0.604,290.62,5.27,0.27
17462,0.635,276.28,5.26,0.26
14403,0.331,529.67,5.26,0.26
17058,0.463,378.04,5.25,0.25
16083,0.276,632.71,5.25,0.25
16834,0.583,300.08,5.25,0.25
15329,0.423,413.7,5.24,0.24
15530,0.296,589.84,5.24,0.24
15424,0.57,306.1,5.24,0.24
12559,0.593,293.78,5.23,0.23
14631,0.5,347.87,5.22,0.22
14375,0.497,350.44,5.22,0.22
12626,0.077,2247.63,5.22,0.22
13155,0.52,334.47,5.22,0.22
17259,0.224,776.7,5.21,0.21
14032,0.201,861.29,5.21,0.21
17360,0.504,343.7,5.2,0.2
12710,0.429,402.79,5.19,0.19
13811,0.482,357.59,5.17,0.17
15205,0.52,330.63,5.16,0.16
17147,0.421,407.64,5.14,0.14
13266,0.143,1194.41,5.14,0.14
13435,0.358,479.05,5.14,0.14
15841,0.457,374.4,5.13,0.13
14128,0.604,282.89,5.12,0.12
16007,0.31,551.09,5.12,0.12
12556,0.47,362.68,5.11,0.11
15426,0.348,489.88,5.11,0.11
15214,0.431,394.56,5.11,0.11
13715,0.282,604.22,5.11,0.11
14868,0.263,646.73,5.1,0.1
12373,0.653,260.19,5.1,0.1
13035,0.623,272.52,5.1,0.1
18220,0.619,274.39,5.09,0.09
12679,0.438,387.57,5.09,0.09
16030,0.627,270.25,5.09,0.09
14421,0.588,287.44,5.07,0.07
14973,0.349,484.31,5.07,0.07
12747,0.121,1391.44,5.06,0.06
17320,0.208,811.56,5.06,0.06
14546,0.317,531.44,5.06,0.06
12350,0.647,260.19,5.05,0.05
15363,0.683,246.16,5.05,0.05
15289,0.374,448.54,5.04,0.04
14409,0.196,856.25,5.03,0.03
14665,0.505,332.01,5.03,0.03
12347,0.154,1083.18,5.02,0.02
16392,0.579,288.47,5.01,0.01
17828,0.328,509.36,5.01,0.01
15456,0.437,381.65,5.01,0.01
13804,0.267,624.94,5.0,0.0
17348,0.605,275.45,5.0,0.0
12365,0.598,278.53,5.0,0.0
