order_month,total_sales,total_profit,net_margin_pct,total_orders,active_customers
2023-01,98422.4,1829.65,1.86,91,87
2023-02,131129.02,7640.71,5.83,91,82
2023-03,124691.22,2798.64,2.24,104,98
2023-04,155232.81,6439.89,4.15,103,96
2023-05,154579.8,8346.09,5.4,111,101
2023-06,204023.44,12509.36,6.13,120,114
2023-07,124929.58,5622.82,4.5,104,96
2023-08,135508.12,2720.81,2.01,90,84
2023-09,127666.73,4503.11,3.53,95,87
2023-10,193334.08,5456.5,2.82,156,142
2023-11,234663.52,5653.4,2.41,162,148
2023-12,186161.11,6931.92,3.72,124,118
2024-01,165280.3,7915.46,4.79,118,110
2024-02,115283.75,5382.1,4.67,97,93
2024-03,181125.1,8846.47,4.88,150,131
2024-04,119844.03,4153.28,3.47,101,96
2024-05,171432.28,8311.44,4.85,113,99
2024-06,153686.75,1145.21,0.75,112,104
2024-07,154524.2,6451.34,4.17,115,104
2024-08,214644.78,14620.69,6.81,121,108
2024-09,160366.65,11079.96,6.91,101,91
2024-10,257069.31,6833.83,2.66,163,144
2024-11,227632.84,5980.7,2.63,185,165
2024-12,170937.45,4265.36,2.5,146,128
2025-01,216766.93,9445.24,4.36,169,151
2025-02,196181.71,7907.59,4.03,144,130
2025-03,251542.64,17582.45,6.99,177,158
2025-04,213338.16,8125.78,3.81,143,129
2025-05,199958.85,7504.27,3.75,159,139
2025-06,203229.31,6303.41,3.1,162,144
2025-07,236844.53,8667.73,3.66,156,136
2025-08,183871.01,9612.53,5.23,156,141
2025-09,196024.36,12113.07,6.18,145,135
2025-10,329092.25,14360.86,4.36,249,214
2025-11,339880.99,11208.53,3.3,250,210
2025-12,166329.3,9913.73,5.96,135,126
